id,entity_name,year,segment,original_metric,ground_truth_value,generated_question,generated_answer,generated_reasoning
2,AstraZeneca,2022,Income_Statement,Revenue From Sale Of Goods,42998000000.0,What was AstraZeneca's revenue from the sale of goods in the year 2022?,42998000000.0,The metric for Revenue From Sale Of Goods for AstraZeneca in 2022 is clearly stated as 42998000000.0.
3,AstraZeneca,2021,Income_Statement,Revenue From Sale Of Goods,36541000000.0,What was the Revenue From Sale Of Goods for AstraZeneca in the year 2021?,36541000000.0,The value for Revenue From Sale Of Goods for AstraZeneca in 2021 is clearly stated as 36541000000.0.
4,AstraZeneca,2020,Income_Statement,Revenue From Sale Of Goods,25890000000.0,What was AstraZeneca's Revenue From Sale Of Goods in the year 2020?,25890000000.0,The figure for Revenue From Sale Of Goods pertaining to AstraZeneca in 2020 is clearly indicated as 25890000000.0.
5,AstraZeneca,2022,Company_Specific_Metric,Collaboration Revenue,1353000000.0,What was AstraZeneca's Collaboration Revenue for the year 2022?,1353000000.0,The figure for Collaboration Revenue attributed to AstraZeneca in 2022 is clearly stated as 1353000000.0.
6,AstraZeneca,2021,Company_Specific_Metric,Collaboration Revenue,876000000.0,What was AstraZeneca's Collaboration Revenue for the year 2021?,876000000.0,The Collaboration Revenue figure for AstraZeneca in 2021 is clearly stated as 876000000.0.
7,AstraZeneca,2020,Company_Specific_Metric,Collaboration Revenue,727000000.0,What was the amount of 'Collaboration Revenue' reported by AstraZeneca in the year 2020?,727000000.0,The precise figure for Collaboration Revenue attributed to AstraZeneca in 2020 is clearly stated as 727000000.0.
8,AstraZeneca,2022,Income_Statement,Revenue,44351000000.0,What was AstraZeneca's total revenue for the year 2022?,44351000000.0,The exact figure for AstraZeneca's Revenue in 2022 is clearly stated as 44351000000.0.
9,AstraZeneca,2021,Income_Statement,Revenue,37417000000.0,What was AstraZeneca's reported revenue for the year 2021?,37417000000.0,The revenue figure for AstraZeneca in 2021 is clearly stated as 37417000000.0.
10,AstraZeneca,2020,Income_Statement,Revenue,26617000000.0,What was AstraZeneca's reported revenue for the year 2020?,26617000000.0,The revenue figure for AstraZeneca in 2020 is clearly stated as 26617000000.0.
14,AstraZeneca,2022,Income_Statement,Gross Profit,31960000000.0,What was the Gross Profit reported by AstraZeneca for the year 2022?,31960000000.0,The figure for Gross Profit for AstraZeneca in 2022 is clearly stated as 31960000000.0.
15,AstraZeneca,2021,Income_Statement,Gross Profit,24980000000.0,What was AstraZeneca's Gross Profit for the year 2021?,24980000000.0,The Gross Profit figure for AstraZeneca in 2021 is clearly stated as 24980000000.0.
16,AstraZeneca,2020,Income_Statement,Gross Profit,21318000000.0,What was AstraZeneca's Gross Profit for the year 2020?,21318000000.0,The Gross Profit figure for AstraZeneca in 2020 is clearly stated as 21318000000.0.
20,AstraZeneca,2022,Income_Statement,Research And Development Expense,9762000000.0,What was AstraZeneca's Research And Development Expense for the year 2022?,9762000000.0,AstraZeneca's Research And Development Expense for 2022 is clearly stated as 9762000000.0.
21,AstraZeneca,2021,Income_Statement,Research And Development Expense,9736000000.0,What was AstraZeneca's Research And Development Expense in the year 2021?,9736000000.0,The figure for the Research And Development Expense attributed to AstraZeneca for the year 2021 is clearly noted as 9736000000.0.
22,AstraZeneca,2020,Income_Statement,Research And Development Expense,5991000000.0,What was the amount reported by AstraZeneca for their Research And Development Expense in the year 2020?,5991000000.0,The figure for Research And Development Expense attributed to AstraZeneca in 2020 is clearly documented as 5991000000.0.
23,AstraZeneca,2022,Income_Statement,Selling General And Administrative Expense,18419000000.0,What was the Selling General And Administrative Expense for AstraZeneca in the year 2022?,18419000000.0,The Selling General And Administrative Expense figure for AstraZeneca in 2022 is clearly stated as 18419000000.0.
24,AstraZeneca,2021,Income_Statement,Selling General And Administrative Expense,15234000000.0,What was AstraZeneca's Selling General And Administrative Expense in 2021?,15234000000.0,The precise figure for AstraZeneca's Selling General And Administrative Expense in 2021 is clearly stated as 15234000000.0.
25,AstraZeneca,2020,Income_Statement,Selling General And Administrative Expense,11294000000.0,What was AstraZeneca's Selling General And Administrative Expense for the year 2020?,11294000000.0,The Selling General And Administrative Expense for AstraZeneca in 2020 has been clearly documented as 11294000000.0.
26,AstraZeneca,2022,Income_Statement,Other Operating Income Expense,514000000.0,What was AstraZeneca's 'Other Operating Income Expense' for the year 2022?,514000000.0,The figure for the Other Operating Income Expense for AstraZeneca in 2022 is clearly stated as 514000000.0.
27,AstraZeneca,2021,Income_Statement,Other Operating Income Expense,1492000000.0,What was AstraZeneca's Other Operating Income Expense for the year 2021?,1492000000.0,The figure for Other Operating Income Expense pertaining to AstraZeneca in the year 2021 is clearly stated as 1492000000.0.
28,AstraZeneca,2020,Income_Statement,Other Operating Income Expense,1528000000.0,What was AstraZeneca's Other Operating Income Expense in the year 2020?,1528000000.0,The figure representing Other Operating Income Expense for AstraZeneca in 2020 is clearly stated as 1528000000.0.
29,AstraZeneca,2022,Cash_Flow,Profit Loss From Operating Activities,3757000000.0,What was the 'Profit Loss From Operating Activities' reported by AstraZeneca for the year 2022?,3757000000.0,The value for the metric 'Profit Loss From Operating Activities' for AstraZeneca in 2022 is clearly stated as 3757000000.0.
30,AstraZeneca,2021,Cash_Flow,Profit Loss From Operating Activities,1056000000.0,What was AstraZeneca's Profit Loss From Operating Activities in the year 2021?,1056000000.0,The metric for Profit Loss From Operating Activities for AstraZeneca in 2021 is clearly stated as 1056000000.0.
31,AstraZeneca,2020,Cash_Flow,Profit Loss From Operating Activities,5162000000.0,What was the Profit Loss From Operating Activities reported by AstraZeneca in the year 2020?,5162000000.0,The metric for Profit Loss From Operating Activities for AstraZeneca in 2020 is clearly indicated as 5162000000.0.
32,AstraZeneca,2022,Income_Statement,Finance Income,95000000.0,What was the Finance Income reported by AstraZeneca for the year 2022?,95000000.0,The Finance Income figure for AstraZeneca in 2022 is clearly stated as 95000000.0.
33,AstraZeneca,2021,Income_Statement,Finance Income,43000000.0,What was AstraZeneca's Finance Income in the year 2021?,43000000.0,The Finance Income figure for AstraZeneca in 2021 is clearly stated as 43000000.0.
34,AstraZeneca,2020,Income_Statement,Finance Income,87000000.0,What was the Finance Income reported by AstraZeneca in the year 2020?,87000000.0,The Finance Income figure for AstraZeneca in 2020 is clearly stated as 87000000.0.
38,AstraZeneca,2022,Balance_Sheet,Share Of Profit Loss Of Associates And Joint Ventures Accounted For Using Equity Method,-5000000.0,What was the Share Of Profit Loss Of Associates And Joint Ventures Accounted For Using Equity Method for AstraZeneca in the year 2022?,-5000000.0,The value for the metric Share Of Profit Loss Of Associates And Joint Ventures Accounted For Using Equity Method for AstraZeneca in 2022 is specifically indicated as -5000000.0.
39,AstraZeneca,2021,Balance_Sheet,Share Of Profit Loss Of Associates And Joint Ventures Accounted For Using Equity Method,-64000000.0,What was the reported Share Of Profit Loss Of Associates And Joint Ventures Accounted For Using Equity Method for AstraZeneca in the year 2021?,-64000000.0,The value for the metric Share Of Profit Loss Of Associates And Joint Ventures Accounted For Using Equity Method for AstraZeneca in 2021 is specifically stated as -64000000.0.
40,AstraZeneca,2020,Balance_Sheet,Share Of Profit Loss Of Associates And Joint Ventures Accounted For Using Equity Method,-27000000.0,What was the Share Of Profit Loss Of Associates And Joint Ventures Accounted For Using Equity Method for AstraZeneca in the year 2020?,-27000000.0,The metric representing the Share Of Profit Loss Of Associates And Joint Ventures Accounted For Using Equity Method for AstraZeneca in 2020 is specifically documented as -27000000.0.
41,AstraZeneca,2022,Income_Statement,Profit Loss Before Tax,2501000000.0,What was AstraZeneca's Profit Loss Before Tax for the year 2022?,2501000000.0,The figure for Profit Loss Before Tax pertaining to AstraZeneca in the year 2022 is stated as 2501000000.0.
42,AstraZeneca,2021,Income_Statement,Profit Loss Before Tax,-265000000.0,What was the 'Profit Loss Before Tax' figure for AstraZeneca in the year 2021?,-265000000.0,The exact value for the Profit Loss Before Tax of AstraZeneca in 2021 is reported as -265000000.0.
43,AstraZeneca,2020,Income_Statement,Profit Loss Before Tax,3916000000.0,What was AstraZeneca's Profit Loss Before Tax for the year 2020?,3916000000.0,The amount representing the Profit Loss Before Tax for AstraZeneca in 2020 is clearly stated as 3916000000.0.
44,AstraZeneca,2022,Income_Statement,Income Tax Expense Continuing Operations,-792000000.0,What was the Income Tax Expense Continuing Operations for AstraZeneca in the year 2022?,-792000000.0,The precise figure for the Income Tax Expense Continuing Operations reported by AstraZeneca in 2022 stands at -792000000.0.
45,AstraZeneca,2021,Income_Statement,Income Tax Expense Continuing Operations,-380000000.0,What was the Income Tax Expense for AstraZeneca's Continuing Operations in the year 2021?,-380000000.0,The exact figure for the Income Tax Expense Continuing Operations reported by AstraZeneca in 2021 is -380000000.0.
46,AstraZeneca,2020,Income_Statement,Income Tax Expense Continuing Operations,772000000.0,What was AstraZeneca's Income Tax Expense for Continuing Operations in the year 2020?,772000000.0,The figure for Income Tax Expense Continuing Operations for AstraZeneca in 2020 is clearly stated as 772000000.0.
47,AstraZeneca,2022,Income_Statement,Profit Loss,3293000000.0,What was the Profit Loss reported by AstraZeneca in the year 2022?,3293000000.0,The figure for Profit Loss pertaining to AstraZeneca in 2022 is clearly stated as 3293000000.0.
48,AstraZeneca,2021,Income_Statement,Profit Loss,115000000.0,What was the Profit Loss reported by AstraZeneca in the year 2021?,115000000.0,AstraZeneca's Profit Loss for the year 2021 is clearly stated as 115000000.0.
49,AstraZeneca,2020,Income_Statement,Profit Loss,3144000000.0,What was the Profit Loss amount for AstraZeneca in the year 2020?,3144000000.0,The Profit Loss figure for AstraZeneca in the year 2020 is clearly documented as 3144000000.0.
50,AstraZeneca,2022,Income_Statement,Other Comprehensive Income Before Tax Gains Losses On Remeasurements Of Defined Benefit Plans,1118000000.0,What was AstraZeneca's Other Comprehensive Income Before Tax Gains Losses On Remeasurements Of Defined Benefit Plans for the year 2022?,1118000000.0,The figure for Other Comprehensive Income Before Tax Gains Losses On Remeasurements Of Defined Benefit Plans for AstraZeneca in 2022 is clearly stated as 1118000000.0.
51,AstraZeneca,2021,Income_Statement,Other Comprehensive Income Before Tax Gains Losses On Remeasurements Of Defined Benefit Plans,626000000.0,What was AstraZeneca's Other Comprehensive Income Before Tax Gains Losses On Remeasurements Of Defined Benefit Plans for the year 2021?,626000000.0,"In 2021, AstraZeneca specifically reported the Other Comprehensive Income Before Tax Gains Losses On Remeasurements Of Defined Benefit Plans as 626000000.0."
52,AstraZeneca,2020,Income_Statement,Other Comprehensive Income Before Tax Gains Losses On Remeasurements Of Defined Benefit Plans,-168000000.0,What was AstraZeneca's Other Comprehensive Income Before Tax Gains Losses On Remeasurements Of Defined Benefit Plans for the year 2020?,-168000000.0,The figure for Other Comprehensive Income Before Tax Gains Losses On Remeasurements Of Defined Benefit Plans for AstraZeneca in 2020 is clearly stated as -168000000.0.
53,AstraZeneca,2022,Balance_Sheet,Other Comprehensive Income Before Tax Gains Losses From Investments In Equity Instruments,-88000000.0,What was the 'Other Comprehensive Income Before Tax Gains Losses From Investments In Equity Instruments' for AstraZeneca in the year 2022?,-88000000.0,The value for the metric 'Other Comprehensive Income Before Tax Gains Losses From Investments In Equity Instruments' for AstraZeneca in 2022 is clearly stated as -88000000.0.
54,AstraZeneca,2021,Balance_Sheet,Other Comprehensive Income Before Tax Gains Losses From Investments In Equity Instruments,-187000000.0,What was AstraZeneca's Other Comprehensive Income Before Tax Gains Losses From Investments In Equity Instruments in 2021?,-187000000.0,The figure for Other Comprehensive Income Before Tax Gains Losses From Investments In Equity Instruments for AstraZeneca in 2021 is clearly stated as -187000000.0.
55,AstraZeneca,2020,Balance_Sheet,Other Comprehensive Income Before Tax Gains Losses From Investments In Equity Instruments,938000000.0,What was the 'Other Comprehensive Income Before Tax Gains Losses From Investments In Equity Instruments' reported by AstraZeneca in the year 2020?,938000000.0,The value for the metric 'Other Comprehensive Income Before Tax Gains Losses From Investments In Equity Instruments' for AstraZeneca in 2020 is clearly stated as 938000000.0.
56,AstraZeneca,2022,Balance_Sheet,Other Comprehensive Income Before Tax Change In Fair Value Of Financial Liability Attributable To Change In Credit Risk Of Liability,2000000.0,What was the 'Other Comprehensive Income Before Tax Change In Fair Value Of Financial Liability Attributable To Change In Credit Risk Of Liability' reported by AstraZeneca in 2022?,2000000.0,"In 2022, AstraZeneca clearly stated that the metric for Other Comprehensive Income Before Tax Change In Fair Value Of Financial Liability Attributable To Change In Credit Risk Of Liability amounted to 2000000.0."
57,AstraZeneca,2021,Balance_Sheet,Other Comprehensive Income Before Tax Change In Fair Value Of Financial Liability Attributable To Change In Credit Risk Of Liability,0.0,What was the Other Comprehensive Income Before Tax Change In Fair Value Of Financial Liability Attributable To Change In Credit Risk Of Liability for AstraZeneca in the year 2021?,0.0,The data indicates that AstraZeneca's Other Comprehensive Income Before Tax Change In Fair Value Of Financial Liability Attributable To Change In Credit Risk Of Liability for the year 2021 is recorded as 0.0.
58,AstraZeneca,2020,Balance_Sheet,Other Comprehensive Income Before Tax Change In Fair Value Of Financial Liability Attributable To Change In Credit Risk Of Liability,-1000000.0,What was the value of 'Other Comprehensive Income Before Tax Change In Fair Value Of Financial Liability Attributable To Change In Credit Risk Of Liability' reported by AstraZeneca in 2020?,-1000000.0,The value for the metric Other Comprehensive Income Before Tax Change In Fair Value Of Financial Liability Attributable To Change In Credit Risk Of Liability for AstraZeneca in the year 2020 is specifically documented as -1000000.0.
59,AstraZeneca,2022,Income_Statement,Income Tax Relating To Components Of Other Comprehensive Income That Will Not Be Reclassified To Profit Or Loss,216000000.0,What was the Income Tax Relating To Components Of Other Comprehensive Income That Will Not Be Reclassified To Profit Or Loss for AstraZeneca in the year 2022?,216000000.0,The metric for Income Tax Relating To Components Of Other Comprehensive Income That Will Not Be Reclassified To Profit Or Loss for AstraZeneca in 2022 is clearly stated as 216000000.0.
60,AstraZeneca,2021,Income_Statement,Income Tax Relating To Components Of Other Comprehensive Income That Will Not Be Reclassified To Profit Or Loss,-105000000.0,What was the amount for 'Income Tax Relating To Components Of Other Comprehensive Income That Will Not Be Reclassified To Profit Or Loss' reported by AstraZeneca in 2021?,-105000000.0,The figure for 'Income Tax Relating To Components Of Other Comprehensive Income That Will Not Be Reclassified To Profit Or Loss' for AstraZeneca in the year 2021 is clearly stated as -105000000.0.
61,AstraZeneca,2020,Income_Statement,Income Tax Relating To Components Of Other Comprehensive Income That Will Not Be Reclassified To Profit Or Loss,81000000.0,What was AstraZeneca's reported Income Tax Relating To Components Of Other Comprehensive Income That Will Not Be Reclassified To Profit Or Loss for the year 2020?,81000000.0,The figure for Income Tax Relating To Components Of Other Comprehensive Income That Will Not Be Reclassified To Profit Or Loss for AstraZeneca in 2020 is clearly stated as 81000000.0.
62,AstraZeneca,2022,Income_Statement,Other Comprehensive Income That Will Not Be Reclassified To Profit Or Loss Net Of Tax,816000000.0,What was the amount reported by AstraZeneca for Other Comprehensive Income That Will Not Be Reclassified To Profit Or Loss Net Of Tax in the year 2022?,816000000.0,AstraZeneca's report clearly indicates that the Other Comprehensive Income That Will Not Be Reclassified To Profit Or Loss Net Of Tax for the year 2022 is recorded as 816000000.0.
63,AstraZeneca,2021,Income_Statement,Other Comprehensive Income That Will Not Be Reclassified To Profit Or Loss Net Of Tax,544000000.0,What was AstraZeneca's Other Comprehensive Income That Will Not Be Reclassified To Profit Or Loss Net Of Tax in the year 2021?,544000000.0,"For the year 2021, AstraZeneca's metric for Other Comprehensive Income That Will Not Be Reclassified To Profit Or Loss Net Of Tax is specifically stated as 544000000.0."
64,AstraZeneca,2020,Income_Statement,Other Comprehensive Income That Will Not Be Reclassified To Profit Or Loss Net Of Tax,688000000.0,What was the Other Comprehensive Income That Will Not Be Reclassified To Profit Or Loss Net Of Tax for AstraZeneca in the year 2020?,688000000.0,"In 2020, AstraZeneca explicitly reported the figure for Other Comprehensive Income That Will Not Be Reclassified To Profit Or Loss Net Of Tax as 688000000.0."
65,AstraZeneca,2022,Company_Specific_Metric,Gains Losses On Exchange Differences On Consolidation Before Tax,-1446000000.0,What was AstraZeneca's reported 'Gains Losses On Exchange Differences On Consolidation Before Tax' for the year 2022?,-1446000000.0,The amount for the metric Gains Losses On Exchange Differences On Consolidation Before Tax for AstraZeneca in 2022 has been clearly stated as -1446000000.0.
66,AstraZeneca,2021,Company_Specific_Metric,Gains Losses On Exchange Differences On Consolidation Before Tax,-483000000.0,What was the amount reported by AstraZeneca for Gains Losses On Exchange Differences On Consolidation Before Tax in 2021?,-483000000.0,AstraZeneca's report clearly indicates that the Gains Losses On Exchange Differences On Consolidation Before Tax for the year 2021 stands at -483000000.0.
67,AstraZeneca,2020,Company_Specific_Metric,Gains Losses On Exchange Differences On Consolidation Before Tax,443000000.0,What was AstraZeneca's 'Gains Losses On Exchange Differences On Consolidation Before Tax' figure for the year 2020?,443000000.0,The amount for the metric Gains Losses On Exchange Differences On Consolidation Before Tax for AstraZeneca in the year 2020 is clearly stated as 443000000.0.
68,AstraZeneca,2022,Company_Specific_Metric,Gains Losses On Exchange Difference Hedges Of Net Investments In Foreign Operations Before Tax,-282000000.0,What was the amount reported by AstraZeneca for Gains Losses On Exchange Difference Hedges Of Net Investments In Foreign Operations Before Tax in 2022?,-282000000.0,The value for the metric Gains Losses On Exchange Difference Hedges Of Net Investments In Foreign Operations Before Tax for AstraZeneca in the year 2022 is clearly stated as -282000000.0.
69,AstraZeneca,2021,Company_Specific_Metric,Gains Losses On Exchange Difference Hedges Of Net Investments In Foreign Operations Before Tax,-321000000.0,What was AstraZeneca's reported value for Gains Losses On Exchange Difference Hedges Of Net Investments In Foreign Operations Before Tax in 2021?,-321000000.0,The value for the metric Gains Losses On Exchange Difference Hedges Of Net Investments In Foreign Operations Before Tax for AstraZeneca in 2021 is specifically recorded as -321000000.0.
70,AstraZeneca,2020,Company_Specific_Metric,Gains Losses On Exchange Difference Hedges Of Net Investments In Foreign Operations Before Tax,573000000.0,What was the amount reported by AstraZeneca for Gains Losses On Exchange Difference Hedges Of Net Investments In Foreign Operations Before Tax in 2020?,573000000.0,The metric Gains Losses On Exchange Difference Hedges Of Net Investments In Foreign Operations Before Tax for AstraZeneca in 2020 is clearly stated as 573000000.0.
71,AstraZeneca,2022,Cash_Flow,Gains Losses On Cash Flow Hedges Before Tax,-97000000.0,What was AstraZeneca's reported 'Gains Losses On Cash Flow Hedges Before Tax' amount for the year 2022?,-97000000.0,The value for the metric Gains Losses On Cash Flow Hedges Before Tax for AstraZeneca in 2022 is clearly stated as -97000000.0.
72,AstraZeneca,2021,Cash_Flow,Gains Losses On Cash Flow Hedges Before Tax,-167000000.0,What was AstraZeneca's 'Gains Losses On Cash Flow Hedges Before Tax' in the year 2021?,-167000000.0,The figure for Gains Losses On Cash Flow Hedges Before Tax for AstraZeneca in 2021 is clearly stated as -167000000.0.
73,AstraZeneca,2020,Cash_Flow,Gains Losses On Cash Flow Hedges Before Tax,180000000.0,What was the value of 'Gains Losses On Cash Flow Hedges Before Tax' for AstraZeneca in the year 2020?,180000000.0,The metric for Gains Losses On Cash Flow Hedges Before Tax specifically for AstraZeneca in 2020 is stated to be 180000000.0.
74,AstraZeneca,2022,Cash_Flow,Reclassification Adjustments On Cash Flow Hedges Before Tax,-73000000.0,What was the amount reported for Reclassification Adjustments On Cash Flow Hedges Before Tax by AstraZeneca in the year 2022?,-73000000.0,The figure for Reclassification Adjustments On Cash Flow Hedges Before Tax for AstraZeneca in 2022 has been clearly stated as -73000000.0.
75,AstraZeneca,2021,Cash_Flow,Reclassification Adjustments On Cash Flow Hedges Before Tax,-208000000.0,What was the amount reported for 'Reclassification Adjustments On Cash Flow Hedges Before Tax' by AstraZeneca in the year 2021?,-208000000.0,The amount for the metric 'Reclassification Adjustments On Cash Flow Hedges Before Tax' for AstraZeneca in 2021 is clearly stated as -208000000.0.
76,AstraZeneca,2020,Cash_Flow,Reclassification Adjustments On Cash Flow Hedges Before Tax,254000000.0,What was the amount reported by AstraZeneca for Reclassification Adjustments On Cash Flow Hedges Before Tax in the year 2020?,254000000.0,The amount for the specific metric Reclassification Adjustments On Cash Flow Hedges Before Tax pertaining to AstraZeneca in 2020 is stated as 254000000.0.
77,AstraZeneca,2022,Income_Statement,Gains Losses On Hedges Of Net Investments In Foreign Operations Before Tax,-8000000.0,What was the value reported by AstraZeneca for Gains Losses On Hedges Of Net Investments In Foreign Operations Before Tax in the year 2022?,-8000000.0,"For the year 2022, AstraZeneca has explicitly stated that the Gains Losses On Hedges Of Net Investments In Foreign Operations Before Tax amounts to -8000000.0."
78,AstraZeneca,2021,Income_Statement,Gains Losses On Hedges Of Net Investments In Foreign Operations Before Tax,34000000.0,What was the amount reported by AstraZeneca for Gains Losses On Hedges Of Net Investments In Foreign Operations Before Tax in the year 2021?,34000000.0,The amount for the Gains Losses On Hedges Of Net Investments In Foreign Operations Before Tax for AstraZeneca in 2021 is clearly stated as 34000000.0.
79,AstraZeneca,2020,Income_Statement,Gains Losses On Hedges Of Net Investments In Foreign Operations Before Tax,8000000.0,What was the amount reported by AstraZeneca for Gains Losses On Hedges Of Net Investments In Foreign Operations Before Tax in the year 2020?,8000000.0,"For the year 2020, AstraZeneca clearly indicated that the Gains Losses On Hedges Of Net Investments In Foreign Operations Before Tax amounted to 8000000.0."
80,AstraZeneca,2022,Company_Specific_Metric,Cost Of Hedging Before Tax,7000000.0,What was the Cost Of Hedging Before Tax for AstraZeneca in the year 2022?,7000000.0,The particular figure for the Cost Of Hedging Before Tax attributed to AstraZeneca in 2022 is clearly stated as 7000000.0.
81,AstraZeneca,2021,Company_Specific_Metric,Cost Of Hedging Before Tax,6000000.0,What was the Cost Of Hedging Before Tax for AstraZeneca in the year 2021?,6000000.0,The precise figure for the Cost Of Hedging Before Tax related to AstraZeneca in 2021 is clearly stated as 6000000.0.
82,AstraZeneca,2020,Company_Specific_Metric,Cost Of Hedging Before Tax,-9000000.0,What was the 'Cost Of Hedging Before Tax' for AstraZeneca in the year 2020?,-9000000.0,The value for the Cost Of Hedging Before Tax for AstraZeneca in 2020 is clearly stated as -9000000.0.
83,AstraZeneca,2022,Income_Statement,Income Tax Relating To Components Of Other Comprehensive Income That Will Be Reclassified To Profit Or Loss,-73000000.0,What was the Income Tax Relating To Components Of Other Comprehensive Income That Will Be Reclassified To Profit Or Loss for AstraZeneca in the year 2022?,-73000000.0,The value for the metric regarding Income Tax Relating To Components Of Other Comprehensive Income That Will Be Reclassified To Profit Or Loss for AstraZeneca in 2022 is clearly stated as -73000000.0.
84,AstraZeneca,2021,Income_Statement,Income Tax Relating To Components Of Other Comprehensive Income That Will Be Reclassified To Profit Or Loss,-46000000.0,What was the amount reported by AstraZeneca for 'Income Tax Relating To Components Of Other Comprehensive Income That Will Be Reclassified To Profit Or Loss' in the year 2021?,-46000000.0,The value for the metric 'Income Tax Relating To Components Of Other Comprehensive Income That Will Be Reclassified To Profit Or Loss' for AstraZeneca in 2021 is clearly stated as -46000000.0.
85,AstraZeneca,2020,Income_Statement,Income Tax Relating To Components Of Other Comprehensive Income That Will Be Reclassified To Profit Or Loss,39000000.0,What was the amount reported by AstraZeneca for Income Tax Relating To Components Of Other Comprehensive Income That Will Be Reclassified To Profit Or Loss in the year 2020?,39000000.0,The specific figure for Income Tax Relating To Components Of Other Comprehensive Income That Will Be Reclassified To Profit Or Loss for AstraZeneca in 2020 is clearly stated as 39000000.0.
86,AstraZeneca,2022,Income_Statement,Other Comprehensive Income That Will Be Reclassified To Profit Or Loss Net Of Tax,-1694000000.0,What was AstraZeneca's 'Other Comprehensive Income That Will Be Reclassified To Profit Or Loss Net Of Tax' for the year 2022?,-1694000000.0,The value for the metric Other Comprehensive Income That Will Be Reclassified To Profit Or Loss Net Of Tax for AstraZeneca in 2022 is clearly stated as -1694000000.0.
87,AstraZeneca,2021,Income_Statement,Other Comprehensive Income That Will Be Reclassified To Profit Or Loss Net Of Tax,-689000000.0,What was AstraZeneca's 'Other Comprehensive Income That Will Be Reclassified To Profit Or Loss Net Of Tax' for the year 2021?,-689000000.0,The figure for the metric 'Other Comprehensive Income That Will Be Reclassified To Profit Or Loss Net Of Tax' for AstraZeneca in 2021 is clearly documented as -689000000.0.
88,AstraZeneca,2020,Income_Statement,Other Comprehensive Income That Will Be Reclassified To Profit Or Loss Net Of Tax,920000000.0,What was AstraZeneca's Other Comprehensive Income That Will Be Reclassified To Profit Or Loss Net Of Tax in the year 2020?,920000000.0,The value for the metric Other Comprehensive Income That Will Be Reclassified To Profit Or Loss Net Of Tax for AstraZeneca in 2020 is clearly stated as 920000000.0.
89,AstraZeneca,2022,Income_Statement,Other Comprehensive Income,-878000000.0,What was AstraZeneca's Other Comprehensive Income for the year 2022?,-878000000.0,The figure for Other Comprehensive Income pertaining to AstraZeneca in 2022 is clearly stated as -878000000.0.
90,AstraZeneca,2021,Income_Statement,Other Comprehensive Income,-145000000.0,What was AstraZeneca's Other Comprehensive Income in the year 2021?,-145000000.0,The figure for Other Comprehensive Income specifically reported for AstraZeneca in 2021 is -145000000.0.
91,AstraZeneca,2020,Income_Statement,Other Comprehensive Income,1608000000.0,What was AstraZeneca's Other Comprehensive Income for the year 2020?,1608000000.0,The figure for Other Comprehensive Income attributed to AstraZeneca in 2020 is clearly documented as 1608000000.0.
92,AstraZeneca,2022,Income_Statement,Comprehensive Income,2415000000.0,What was the Comprehensive Income reported by AstraZeneca in the year 2022?,2415000000.0,The metric for Comprehensive Income pertaining to AstraZeneca in 2022 is clearly stated as 2415000000.0.
93,AstraZeneca,2021,Income_Statement,Comprehensive Income,-30000000.0,What was the Comprehensive Income for AstraZeneca in the year 2021?,-30000000.0,The Comprehensive Income figure for AstraZeneca in 2021 is clearly stated as -30000000.0.
94,AstraZeneca,2020,Income_Statement,Comprehensive Income,4752000000.0,What was the Comprehensive Income reported by AstraZeneca in the year 2020?,4752000000.0,The Comprehensive Income figure for AstraZeneca in 2020 is clearly stated as 4752000000.0.
95,AstraZeneca,2022,Income_Statement,Profit Loss Attributable To Owners Of Parent,3288000000.0,What was the Profit Loss Attributable To Owners Of Parent for AstraZeneca in the year 2022?,3288000000.0,The amount reported for the Profit Loss Attributable To Owners Of Parent for AstraZeneca in 2022 is clearly stated as 3288000000.0.
96,AstraZeneca,2021,Income_Statement,Profit Loss Attributable To Owners Of Parent,112000000.0,What was the Profit Loss Attributable To Owners Of Parent for AstraZeneca in the year 2021?,112000000.0,The figure for Profit Loss Attributable To Owners Of Parent for AstraZeneca in 2021 is clearly stated as 112000000.0.
97,AstraZeneca,2020,Income_Statement,Profit Loss Attributable To Owners Of Parent,3196000000.0,What was the Profit Loss Attributable To Owners Of Parent for AstraZeneca in the year 2020?,3196000000.0,The Profit Loss Attributable To Owners Of Parent for AstraZeneca in 2020 is specifically noted as 3196000000.0.
98,AstraZeneca,2022,Income_Statement,Profit Loss Attributable To Noncontrolling Interests,5000000.0,What was the Profit Loss Attributable To Noncontrolling Interests for AstraZeneca in the year 2022?,5000000.0,The metric for Profit Loss Attributable To Noncontrolling Interests for AstraZeneca in 2022 is clearly stated as 5000000.0.
99,AstraZeneca,2021,Income_Statement,Profit Loss Attributable To Noncontrolling Interests,3000000.0,What was the Profit Loss Attributable To Noncontrolling Interests for AstraZeneca in the year 2021?,3000000.0,The specific figure for Profit Loss Attributable To Noncontrolling Interests associated with AstraZeneca in 2021 is clearly stated as 3000000.0.
100,AstraZeneca,2020,Income_Statement,Profit Loss Attributable To Noncontrolling Interests,-52000000.0,What was the Profit Loss Attributable To Noncontrolling Interests for AstraZeneca in the year 2020?,-52000000.0,The figure for Profit Loss Attributable To Noncontrolling Interests for AstraZeneca in 2020 is clearly stated as -52000000.0.
101,AstraZeneca,2022,Income_Statement,Comprehensive Income Attributable To Owners Of Parent,2413000000.0,What was the Comprehensive Income Attributable To Owners Of Parent for AstraZeneca in the year 2022?,2413000000.0,The detailed figure for Comprehensive Income Attributable To Owners Of Parent for AstraZeneca in 2022 is clearly stated as 2413000000.0.
102,AstraZeneca,2021,Income_Statement,Comprehensive Income Attributable To Owners Of Parent,-33000000.0,What was the Comprehensive Income Attributable To Owners Of Parent for AstraZeneca in the year 2021?,-33000000.0,The figure for Comprehensive Income Attributable To Owners Of Parent for AstraZeneca in 2021 is clearly stated as -33000000.0.
103,AstraZeneca,2020,Income_Statement,Comprehensive Income Attributable To Owners Of Parent,4804000000.0,What was the Comprehensive Income Attributable To Owners Of Parent for AstraZeneca in the year 2020?,4804000000.0,The metric for Comprehensive Income Attributable To Owners Of Parent for AstraZeneca in 2020 is clearly stated as 4804000000.0.
104,AstraZeneca,2022,Income_Statement,Comprehensive Income Attributable To Noncontrolling Interests,2000000.0,What was the Comprehensive Income Attributable To Noncontrolling Interests reported by AstraZeneca in 2022?,2000000.0,The metric known as Comprehensive Income Attributable To Noncontrolling Interests for AstraZeneca in the year 2022 is clearly stated as 2000000.0.
105,AstraZeneca,2021,Income_Statement,Comprehensive Income Attributable To Noncontrolling Interests,3000000.0,What was the Comprehensive Income Attributable To Noncontrolling Interests for AstraZeneca in the year 2021?,3000000.0,The Comprehensive Income Attributable To Noncontrolling Interests for AstraZeneca in 2021 is clearly stated as 3000000.0.
106,AstraZeneca,2020,Income_Statement,Comprehensive Income Attributable To Noncontrolling Interests,-52000000.0,What was the Comprehensive Income Attributable To Noncontrolling Interests for AstraZeneca in the year 2020?,-52000000.0,The detailed financial report indicates that AstraZeneca's Comprehensive Income Attributable To Noncontrolling Interests for 2020 is specifically stated as -52000000.0.
110,AstraZeneca,2022,Income_Statement,Basic Earnings Loss Per Share,2.12,What was the Basic Earnings Loss Per Share for AstraZeneca in the year 2022?,2.12,The metric for Basic Earnings Loss Per Share for AstraZeneca in 2022 is clearly stated as 2.12.
111,AstraZeneca,2021,Income_Statement,Basic Earnings Loss Per Share,0.08,What was AstraZeneca's Basic Earnings Loss Per Share in the year 2021?,0.08,The figure for Basic Earnings Loss Per Share for AstraZeneca in 2021 is clearly stated as 0.08.
112,AstraZeneca,2020,Income_Statement,Basic Earnings Loss Per Share,2.44,What was AstraZeneca's Basic Earnings Loss Per Share in the year 2020?,2.44,The figure for Basic Earnings Loss Per Share for AstraZeneca in 2020 is clearly stated as 2.44.
113,AstraZeneca,2022,Income_Statement,Diluted Earnings Loss Per Share,2.11,What was the Diluted Earnings Loss Per Share for AstraZeneca in the year 2022?,2.11,The Diluted Earnings Loss Per Share for AstraZeneca in 2022 is clearly stated as 2.11.
114,AstraZeneca,2021,Income_Statement,Diluted Earnings Loss Per Share,0.08,What was the Diluted Earnings Loss Per Share for AstraZeneca in the year 2021?,0.08,The reported figure for AstraZeneca's Diluted Earnings Loss Per Share in 2021 is clearly stated as 0.08.
115,AstraZeneca,2020,Income_Statement,Diluted Earnings Loss Per Share,2.44,What was AstraZeneca's Diluted Earnings Loss Per Share in the year 2020?,2.44,"In the financial disclosures for 2020, AstraZeneca explicitly states that the Diluted Earnings Loss Per Share is recorded as 2.44."
128,AstraZeneca,2022,Balance_Sheet,Rightofuse Assets,942000000.0,What was the value of Rightofuse Assets for AstraZeneca in the year 2022?,942000000.0,The value of the Rightofuse Assets for AstraZeneca in 2022 is clearly stated as 942000000.0.
129,AstraZeneca,2021,Balance_Sheet,Rightofuse Assets,988000000.0,What were AstraZeneca's Rightofuse Assets for the year 2021?,988000000.0,The figure for Rightofuse Assets pertaining to AstraZeneca in 2021 is clearly stated as 988000000.0.
130,AstraZeneca,2020,Balance_Sheet,Rightofuse Assets,666000000.0,What were AstraZeneca's Rightofuse Assets reported in the year 2020?,666000000.0,AstraZeneca's 2020 report explicitly states that the Rightofuse Assets amounted to 666000000.0.
134,AstraZeneca,2022,Balance_Sheet,Intangible Assets Other Than Goodwill,39307000000.0,What were AstraZeneca's Intangible Assets Other Than Goodwill in the year 2022?,39307000000.0,The figure for Intangible Assets Other Than Goodwill pertaining to AstraZeneca in 2022 is clearly stated as 39307000000.0.
135,AstraZeneca,2021,Balance_Sheet,Intangible Assets Other Than Goodwill,42387000000.0,What were AstraZeneca's Intangible Assets Other Than Goodwill in the year 2021?,42387000000.0,The reported figure for Intangible Assets Other Than Goodwill for AstraZeneca in 2021 is clearly stated as 42387000000.0.
136,AstraZeneca,2020,Balance_Sheet,Intangible Assets Other Than Goodwill,20947000000.0,What were AstraZeneca's Intangible Assets Other Than Goodwill reported in the year 2020?,20947000000.0,The figure for Intangible Assets Other Than Goodwill for AstraZeneca in 2020 is clearly documented as 20947000000.0.
137,AstraZeneca,2022,Balance_Sheet,Investment Accounted For Using Equity Method,76000000.0,What was the amount reported by AstraZeneca for 'Investment Accounted For Using Equity Method' in the year 2022?,76000000.0,The metric regarding the Investment Accounted For Using Equity Method for AstraZeneca in 2022 is clearly stated as 76000000.0.
138,AstraZeneca,2021,Balance_Sheet,Investment Accounted For Using Equity Method,69000000.0,What was the amount reported by AstraZeneca for 'Investment Accounted For Using Equity Method' in the year 2021?,69000000.0,The figure for the Investment Accounted For Using Equity Method related to AstraZeneca in 2021 is clearly stated as 69000000.0.
139,AstraZeneca,2020,Balance_Sheet,Investment Accounted For Using Equity Method,39000000.0,What was the value of the 'Investment Accounted For Using Equity Method' for AstraZeneca in the year 2020?,39000000.0,The figure for the Investment Accounted For Using Equity Method related to AstraZeneca in 2020 is clearly stated as 39000000.0.
140,AstraZeneca,2022,Balance_Sheet,Noncurrent Investments Other Than Investments Accounted For Using Equity Method,1066000000.0,What was the amount reported for Noncurrent Investments Other Than Investments Accounted For Using Equity Method by AstraZeneca in the year 2022?,1066000000.0,"In 2022, AstraZeneca explicitly reported the figure for Noncurrent Investments Other Than Investments Accounted For Using Equity Method as 1066000000.0."
141,AstraZeneca,2021,Balance_Sheet,Noncurrent Investments Other Than Investments Accounted For Using Equity Method,1168000000.0,What was AstraZeneca's 'Noncurrent Investments Other Than Investments Accounted For Using Equity Method' figure for the year 2021?,1168000000.0,The metric for Noncurrent Investments Other Than Investments Accounted For Using Equity Method for AstraZeneca in 2021 is clearly indicated as 1168000000.0.
142,AstraZeneca,2020,Balance_Sheet,Noncurrent Investments Other Than Investments Accounted For Using Equity Method,1108000000.0,What was the amount reported for Noncurrent Investments Other Than Investments Accounted For Using Equity Method by AstraZeneca in the year 2020?,1108000000.0,The value for the specific metric Noncurrent Investments Other Than Investments Accounted For Using Equity Method for AstraZeneca in 2020 is clearly stated as 1108000000.0.
143,AstraZeneca,2022,Balance_Sheet,Noncurrent Derivative Financial Assets,74000000.0,What was the value of AstraZeneca's Noncurrent Derivative Financial Assets in 2022?,74000000.0,The metric for Noncurrent Derivative Financial Assets pertaining to AstraZeneca for the year 2022 is clearly stated as 74000000.0.
144,AstraZeneca,2021,Balance_Sheet,Noncurrent Derivative Financial Assets,102000000.0,What was the amount of Noncurrent Derivative Financial Assets reported by AstraZeneca in the year 2021?,102000000.0,AstraZeneca's financial report clearly states that the Noncurrent Derivative Financial Assets for the year 2021 amounted to 102000000.0.
145,AstraZeneca,2020,Balance_Sheet,Noncurrent Derivative Financial Assets,171000000.0,What was the value of AstraZeneca's Noncurrent Derivative Financial Assets in the year 2020?,171000000.0,The value reported for AstraZeneca's Noncurrent Derivative Financial Assets in 2020 is specifically stated as 171000000.0.
149,AstraZeneca,2022,Balance_Sheet,Deferred Tax Assets,3263000000.0,What were the Deferred Tax Assets reported by AstraZeneca for the year 2022?,3263000000.0,The value for Deferred Tax Assets for AstraZeneca in 2022 is clearly stated as 3263000000.0.
150,AstraZeneca,2021,Balance_Sheet,Deferred Tax Assets,4330000000.0,What were the Deferred Tax Assets reported by AstraZeneca in the year 2021?,4330000000.0,The precise figure for Deferred Tax Assets for AstraZeneca in 2021 is clearly stated as 4330000000.0.
151,AstraZeneca,2020,Balance_Sheet,Deferred Tax Assets,3438000000.0,What was the amount of Deferred Tax Assets reported by AstraZeneca in the year 2020?,3438000000.0,The amount of Deferred Tax Assets for AstraZeneca in 2020 is clearly stated as 3438000000.0.
152,AstraZeneca,2022,Balance_Sheet,Noncurrent Assets,73890000000.0,What were AstraZeneca's Noncurrent Assets for the year 2022?,73890000000.0,The value for Noncurrent Assets for AstraZeneca in 2022 is clearly stated as 73890000000.0.
153,AstraZeneca,2021,Balance_Sheet,Noncurrent Assets,79119000000.0,What was the value of AstraZeneca's Noncurrent Assets in the year 2021?,79119000000.0,The reported figure for AstraZeneca's Noncurrent Assets in 2021 is clearly stated as 79119000000.0.
154,AstraZeneca,2020,Balance_Sheet,Noncurrent Assets,47185000000.0,What were AstraZeneca's Noncurrent Assets in the year 2020?,47185000000.0,The figure for Noncurrent Assets attributed to AstraZeneca in 2020 is clearly stated as 47185000000.0.
164,AstraZeneca,2022,Balance_Sheet,Current Derivative Financial Assets,87000000.0,What was the amount reported for Current Derivative Financial Assets by AstraZeneca in the year 2022?,87000000.0,The amount for the metric Current Derivative Financial Assets for AstraZeneca in 2022 is clearly stated as 87000000.0.
165,AstraZeneca,2021,Balance_Sheet,Current Derivative Financial Assets,83000000.0,What was the amount of Current Derivative Financial Assets reported by AstraZeneca in the year 2021?,83000000.0,The amount for Current Derivative Financial Assets for AstraZeneca in the year 2021 is clearly stated as 83000000.0.
166,AstraZeneca,2020,Balance_Sheet,Current Derivative Financial Assets,142000000.0,What were AstraZeneca's Current Derivative Financial Assets in the year 2020?,142000000.0,The figure for Current Derivative Financial Assets for AstraZeneca in 2020 is clearly stated as 142000000.0.
167,AstraZeneca,2022,Balance_Sheet,Intangible Assets And Goodwill,0.0,What was the value of Intangible Assets And Goodwill reported by AstraZeneca in the year 2022?,0.0,The value for the Intangible Assets And Goodwill metric pertaining to AstraZeneca in 2022 is clearly stated as 0.0.
168,AstraZeneca,2021,Balance_Sheet,Intangible Assets And Goodwill,105000000.0,What was the amount of Intangible Assets And Goodwill reported by AstraZeneca in the year 2021?,105000000.0,The figure for Intangible Assets And Goodwill pertaining to AstraZeneca in 2021 is clearly stated as 105000000.0.
169,AstraZeneca,2020,Balance_Sheet,Intangible Assets And Goodwill,0.0,What was the reported value of Intangible Assets And Goodwill for AstraZeneca in the year 2020?,0.0,The value for the Intangible Assets And Goodwill metric for AstraZeneca in 2020 is clearly stated as 0.0.
170,AstraZeneca,2022,Balance_Sheet,Current Tax Assets,731000000.0,What was AstraZeneca's Current Tax Assets in the year 2022?,731000000.0,"In 2022, AstraZeneca's Current Tax Assets are clearly stated as 731000000.0."
171,AstraZeneca,2021,Balance_Sheet,Current Tax Assets,663000000.0,What were the Current Tax Assets reported by AstraZeneca in the year 2021?,663000000.0,The figure for Current Tax Assets for AstraZeneca in 2021 is clearly stated as 663000000.0.
172,AstraZeneca,2020,Balance_Sheet,Current Tax Assets,364000000.0,What were AstraZeneca's Current Tax Assets reported in the year 2020?,364000000.0,The Current Tax Assets metric for AstraZeneca in 2020 is clearly stated as 364000000.0.
173,AstraZeneca,2022,Cash_Flow,Cash And Cash Equivalents,6166000000.0,What was the amount of Cash And Cash Equivalents reported by AstraZeneca in the year 2022?,6166000000.0,The amount for Cash And Cash Equivalents specifically for AstraZeneca in 2022 is clearly stated as 6166000000.0.
174,AstraZeneca,2021,Cash_Flow,Cash And Cash Equivalents,6329000000.0,What was the amount of Cash And Cash Equivalents reported by AstraZeneca for the year 2021?,6329000000.0,The figure for Cash And Cash Equivalents pertaining to AstraZeneca in the year 2021 is directly stated as 6329000000.0.
175,AstraZeneca,2020,Cash_Flow,Cash And Cash Equivalents,7832000000.0,What was the amount reported for 'Cash And Cash Equivalents' by AstraZeneca in the year 2020?,7832000000.0,The exact figure for 'Cash And Cash Equivalents' for AstraZeneca in the year 2020 is clearly stated as 7832000000.0.
176,AstraZeneca,2022,Balance_Sheet,Noncurrent Assets Or Disposal Groups Classified As Held For Sale Or As Held For Distribution To Owners,150000000.0,What was the amount reported for Noncurrent Assets Or Disposal Groups Classified As Held For Sale Or As Held For Distribution To Owners by AstraZeneca in 2022?,150000000.0,The value for Noncurrent Assets Or Disposal Groups Classified As Held For Sale Or As Held For Distribution To Owners for AstraZeneca in the year 2022 is clearly stated as 150000000.0.
177,AstraZeneca,2021,Balance_Sheet,Noncurrent Assets Or Disposal Groups Classified As Held For Sale Or As Held For Distribution To Owners,368000000.0,What was the value of Noncurrent Assets Or Disposal Groups Classified As Held For Sale Or As Held For Distribution To Owners for AstraZeneca in the year 2021?,368000000.0,The value for the specific metric Noncurrent Assets Or Disposal Groups Classified As Held For Sale Or As Held For Distribution To Owners for AstraZeneca in 2021 is clearly stated as 368000000.0.
178,AstraZeneca,2020,Balance_Sheet,Noncurrent Assets Or Disposal Groups Classified As Held For Sale Or As Held For Distribution To Owners,0.0,What was the value of Noncurrent Assets Or Disposal Groups Classified As Held For Sale Or As Held For Distribution To Owners for AstraZeneca in the year 2020?,0.0,AstraZeneca's financial report clearly states that the metric for Noncurrent Assets Or Disposal Groups Classified As Held For Sale Or As Held For Distribution To Owners in 2020 is recorded as 0.0.
179,AstraZeneca,2022,Balance_Sheet,Current Assets,22593000000.0,What were AstraZeneca's Current Assets reported in 2022?,22593000000.0,The Current Assets figure for AstraZeneca in 2022 is clearly stated as 22593000000.0.
180,AstraZeneca,2021,Balance_Sheet,Current Assets,26244000000.0,What were AstraZeneca's Current Assets reported in the year 2021?,26244000000.0,The Current Assets figure for AstraZeneca in 2021 is clearly stated as 26244000000.0.
181,AstraZeneca,2020,Balance_Sheet,Current Assets,19544000000.0,What were AstraZeneca's Current Assets reported in the year 2020?,19544000000.0,The precise figure for Current Assets pertaining to AstraZeneca in 2020 is clearly stated as 19544000000.0.
182,AstraZeneca,2022,Balance_Sheet,Assets,96483000000.0,What were AstraZeneca's total assets reported in the year 2022?,96483000000.0,The total assets figure for AstraZeneca in 2022 is clearly stated as 96483000000.0.
183,AstraZeneca,2021,Balance_Sheet,Assets,105363000000.0,What were AstraZeneca's total assets in the year 2021?,105363000000.0,The figure for Assets pertaining to AstraZeneca in the year 2021 is directly stated as 105363000000.0.
184,AstraZeneca,2020,Balance_Sheet,Assets,66729000000.0,What were AstraZeneca's total assets reported in the year 2020?,66729000000.0,The total assets for AstraZeneca in 2020 are clearly stated as 66729000000.0.
188,AstraZeneca,2022,Balance_Sheet,Current Lease Liabilities,228000000.0,What were AstraZeneca's Current Lease Liabilities reported in 2022?,228000000.0,The metric for Current Lease Liabilities pertaining to AstraZeneca in the year 2022 is clearly stated as 228000000.0.
189,AstraZeneca,2021,Balance_Sheet,Current Lease Liabilities,233000000.0,What were AstraZeneca's Current Lease Liabilities in the year 2021?,233000000.0,The figure for Current Lease Liabilities attributed to AstraZeneca for the year 2021 is clearly documented as 233000000.0.
190,AstraZeneca,2020,Balance_Sheet,Current Lease Liabilities,192000000.0,What were AstraZeneca's Current Lease Liabilities in the year 2020?,192000000.0,The figure for Current Lease Liabilities for AstraZeneca in 2020 is clearly stated as 192000000.0.
194,AstraZeneca,2022,Balance_Sheet,Current Derivative Financial Liabilities,93000000.0,What were AstraZeneca's Current Derivative Financial Liabilities for the year 2022?,93000000.0,The figure for Current Derivative Financial Liabilities pertaining to AstraZeneca in 2022 is clearly stated as 93000000.0.
195,AstraZeneca,2021,Balance_Sheet,Current Derivative Financial Liabilities,79000000.0,What were AstraZeneca's Current Derivative Financial Liabilities in the year 2021?,79000000.0,The value for Current Derivative Financial Liabilities for AstraZeneca in 2021 is clearly stated as 79000000.0.
196,AstraZeneca,2020,Balance_Sheet,Current Derivative Financial Liabilities,33000000.0,What were AstraZeneca's Current Derivative Financial Liabilities in the year 2020?,33000000.0,The exact figure for Current Derivative Financial Liabilities reported by AstraZeneca for the year 2020 stands at 33000000.0.
200,AstraZeneca,2022,Balance_Sheet,Current Tax Liabilities,896000000.0,What were AstraZeneca's Current Tax Liabilities for the year 2022?,896000000.0,The Current Tax Liabilities for AstraZeneca in 2022 are clearly stated as 896000000.0.
201,AstraZeneca,2021,Balance_Sheet,Current Tax Liabilities,916000000.0,What were AstraZeneca's Current Tax Liabilities in the year 2021?,916000000.0,The figure for Current Tax Liabilities pertaining to AstraZeneca in 2021 is clearly stated as 916000000.0.
202,AstraZeneca,2020,Balance_Sheet,Current Tax Liabilities,1127000000.0,What were AstraZeneca's Current Tax Liabilities for the year 2020?,1127000000.0,The Current Tax Liabilities figure for AstraZeneca in 2020 is clearly stated as 1127000000.0.
203,AstraZeneca,2022,Balance_Sheet,Current Liabilities,26293000000.0,What were AstraZeneca's Current Liabilities reported for the year 2022?,26293000000.0,The 2022 figure for AstraZeneca's Current Liabilities is clearly stated as 26293000000.0.
204,AstraZeneca,2021,Balance_Sheet,Current Liabilities,22594000000.0,What were AstraZeneca's Current Liabilities in the year 2021?,22594000000.0,The metric for Current Liabilities pertaining to AstraZeneca in 2021 has been clearly stated as 22594000000.0.
205,AstraZeneca,2020,Balance_Sheet,Current Liabilities,20307000000.0,What were AstraZeneca's Current Liabilities in the year 2020?,20307000000.0,The value for Current Liabilities associated with AstraZeneca in 2020 is clearly documented as 20307000000.0.
209,AstraZeneca,2022,Balance_Sheet,Noncurrent Lease Liabilities,725000000.0,What were AstraZeneca's Noncurrent Lease Liabilities for the year 2022?,725000000.0,The figure for Noncurrent Lease Liabilities attributed to AstraZeneca in the year 2022 is clearly stated as 725000000.0.
210,AstraZeneca,2021,Balance_Sheet,Noncurrent Lease Liabilities,754000000.0,What were the Noncurrent Lease Liabilities for AstraZeneca in the year 2021?,754000000.0,The figure for Noncurrent Lease Liabilities pertaining to AstraZeneca in 2021 is clearly stated as 754000000.0.
211,AstraZeneca,2020,Balance_Sheet,Noncurrent Lease Liabilities,489000000.0,What were AstraZeneca's Noncurrent Lease Liabilities reported in the year 2020?,489000000.0,The metric for Noncurrent Lease Liabilities for AstraZeneca in the year 2020 is clearly stated as 489000000.0.
212,AstraZeneca,2022,Balance_Sheet,Noncurrent Derivative Financial Liabilities,164000000.0,What was the amount of Noncurrent Derivative Financial Liabilities reported by AstraZeneca in the year 2022?,164000000.0,The amount for Noncurrent Derivative Financial Liabilities associated with AstraZeneca for the year 2022 is clearly stated as 164000000.0.
213,AstraZeneca,2021,Balance_Sheet,Noncurrent Derivative Financial Liabilities,45000000.0,What were AstraZeneca's Noncurrent Derivative Financial Liabilities in the year 2021?,45000000.0,The figure for Noncurrent Derivative Financial Liabilities for AstraZeneca in 2021 is clearly stated as 45000000.0.
214,AstraZeneca,2020,Balance_Sheet,Noncurrent Derivative Financial Liabilities,2000000.0,What was the amount of Noncurrent Derivative Financial Liabilities reported by AstraZeneca in the year 2020?,2000000.0,The specific figure for Noncurrent Derivative Financial Liabilities pertaining to AstraZeneca in 2020 is clearly stated as 2000000.0.
215,AstraZeneca,2022,Balance_Sheet,Deferred Tax Liabilities,2944000000.0,What were the Deferred Tax Liabilities for AstraZeneca in the year 2022?,2944000000.0,The figure for Deferred Tax Liabilities pertaining to AstraZeneca in 2022 is clearly stated as 2944000000.0.
216,AstraZeneca,2021,Balance_Sheet,Deferred Tax Liabilities,6206000000.0,What were the Deferred Tax Liabilities reported by AstraZeneca for the year 2021?,6206000000.0,The reported value for Deferred Tax Liabilities for AstraZeneca in 2021 is clearly stated as 6206000000.0.
217,AstraZeneca,2020,Balance_Sheet,Deferred Tax Liabilities,2918000000.0,What was the amount of Deferred Tax Liabilities reported by AstraZeneca in the year 2020?,2918000000.0,The figure for Deferred Tax Liabilities attributed to AstraZeneca in 2020 is clearly stated as 2918000000.0.
218,AstraZeneca,2022,Balance_Sheet,Noncurrent Recognised Liabilities Defined Benefit Plan,1168000000.0,What was the amount of the Noncurrent Recognised Liabilities Defined Benefit Plan reported by AstraZeneca in 2022?,1168000000.0,The amount for the Noncurrent Recognised Liabilities Defined Benefit Plan associated with AstraZeneca in 2022 is reported as 1168000000.0.
219,AstraZeneca,2021,Balance_Sheet,Noncurrent Recognised Liabilities Defined Benefit Plan,2454000000.0,What was the value of the Noncurrent Recognised Liabilities Defined Benefit Plan for AstraZeneca in the year 2021?,2454000000.0,The value for the Noncurrent Recognised Liabilities Defined Benefit Plan pertaining to AstraZeneca in 2021 is clearly stated as 2454000000.0.
220,AstraZeneca,2020,Balance_Sheet,Noncurrent Recognised Liabilities Defined Benefit Plan,3202000000.0,What was the value of the Noncurrent Recognised Liabilities Defined Benefit Plan for AstraZeneca in the year 2020?,3202000000.0,The reported figure for AstraZeneca's Noncurrent Recognised Liabilities Defined Benefit Plan in 2020 stands at 3202000000.0.
227,AstraZeneca,2022,Balance_Sheet,Noncurrent Liabilities,33132000000.0,What were the Noncurrent Liabilities for AstraZeneca in the year 2022?,33132000000.0,The figure for Noncurrent Liabilities pertaining to AstraZeneca in 2022 is clearly stated as 33132000000.0.
228,AstraZeneca,2021,Balance_Sheet,Noncurrent Liabilities,43482000000.0,What were AstraZeneca's Noncurrent Liabilities reported in 2021?,43482000000.0,The value for Noncurrent Liabilities for AstraZeneca in the year 2021 is directly stated as 43482000000.0.
229,AstraZeneca,2020,Balance_Sheet,Noncurrent Liabilities,30784000000.0,What were AstraZeneca's Noncurrent Liabilities in the year 2020?,30784000000.0,The Noncurrent Liabilities for AstraZeneca in 2020 are clearly stated as 30784000000.0.
230,AstraZeneca,2022,Balance_Sheet,Liabilities,59425000000.0,What were AstraZeneca's total liabilities reported for the year 2022?,59425000000.0,The value of Liabilities for AstraZeneca in 2022 is clearly stated as 59425000000.0.
231,AstraZeneca,2021,Balance_Sheet,Liabilities,66076000000.0,What were AstraZeneca's total liabilities reported in the year 2021?,66076000000.0,The value for Liabilities for AstraZeneca in 2021 is clearly stated as 66076000000.0.
232,AstraZeneca,2020,Balance_Sheet,Liabilities,51091000000.0,What were AstraZeneca's total liabilities reported for the year 2020?,51091000000.0,The precise figure for AstraZeneca's liabilities in 2020 is clearly documented as 51091000000.0.
233,AstraZeneca,2022,Balance_Sheet,Net Assets Liabilities,37058000000.0,What was AstraZeneca's Net Assets Liabilities for the year 2022?,37058000000.0,The value for the Net Assets Liabilities metric for AstraZeneca in 2022 is clearly stated as 37058000000.0.
234,AstraZeneca,2021,Balance_Sheet,Net Assets Liabilities,39287000000.0,What was the value of Net Assets Liabilities for AstraZeneca in the year 2021?,39287000000.0,The figure for Net Assets Liabilities pertaining to AstraZeneca in 2021 is clearly stated as 39287000000.0.
235,AstraZeneca,2020,Balance_Sheet,Net Assets Liabilities,15638000000.0,What was the Net Assets Liabilities figure for AstraZeneca in the year 2020?,15638000000.0,The value for the metric Net Assets Liabilities pertaining to AstraZeneca in 2020 is clearly stated as 15638000000.0.
248,AstraZeneca,2022,Company_Specific_Metric,Other Reserves Other Than Merger And Capital Redemption Reserve,1468000000.0,What was the amount of 'Other Reserves Other Than Merger And Capital Redemption Reserve' reported by AstraZeneca in 2022?,1468000000.0,The figure for Other Reserves Other Than Merger And Capital Redemption Reserve for AstraZeneca in 2022 is clearly stated as 1468000000.0.
249,AstraZeneca,2021,Company_Specific_Metric,Other Reserves Other Than Merger And Capital Redemption Reserve,1444000000.0,What was the value of AstraZeneca's 'Other Reserves Other Than Merger And Capital Redemption Reserve' in the year 2021?,1444000000.0,The figure for Other Reserves Other Than Merger And Capital Redemption Reserve for AstraZeneca in the year 2021 is clearly stated as 1444000000.0.
250,AstraZeneca,2020,Company_Specific_Metric,Other Reserves Other Than Merger And Capital Redemption Reserve,1423000000.0,What was the value of AstraZeneca's Other Reserves Other Than Merger And Capital Redemption Reserve in the year 2020?,1423000000.0,The value for AstraZeneca's Other Reserves Other Than Merger And Capital Redemption Reserve in 2020 is clearly stated as 1423000000.0.
254,AstraZeneca,2022,Balance_Sheet,Equity Attributable To Owners Of Parent,37037000000.0,What was the Equity Attributable To Owners Of Parent for AstraZeneca in the year 2022?,37037000000.0,The precise figure for the Equity Attributable To Owners Of Parent for AstraZeneca in 2022 has been explicitly stated as 37037000000.0.
255,AstraZeneca,2021,Balance_Sheet,Equity Attributable To Owners Of Parent,39268000000.0,What was the Equity Attributable To Owners Of Parent for AstraZeneca in the year 2021?,39268000000.0,The figure for Equity Attributable To Owners Of Parent for AstraZeneca in 2021 is clearly stated as 39268000000.0.
256,AstraZeneca,2020,Balance_Sheet,Equity Attributable To Owners Of Parent,15622000000.0,What was the Equity Attributable To Owners Of Parent for AstraZeneca in the year 2020?,15622000000.0,The figure for Equity Attributable To Owners Of Parent for AstraZeneca in 2020 is clearly stated as 15622000000.0.
260,AstraZeneca,2022,Balance_Sheet,Equity,37058000000.0,What was the reported Equity for AstraZeneca in the year 2022?,37058000000.0,AstraZeneca's Equity for the year 2022 is clearly stated as 37058000000.0.
261,AstraZeneca,2021,Balance_Sheet,Equity,39287000000.0,What was the reported Equity for AstraZeneca in the year 2021?,39287000000.0,The value for Equity pertaining to AstraZeneca in 2021 is clearly stated as 39287000000.0.
262,AstraZeneca,2020,Balance_Sheet,Equity,15638000000.0,What was the reported Equity for AstraZeneca in the year 2020?,15638000000.0,The figure for Equity pertaining to AstraZeneca in 2020 is clearly stated as 15638000000.0.
264,AstraZeneca,2019,Balance_Sheet,Equity,328000000.0,What was the value of AstraZeneca's Equity in the year 2019?,328000000.0,The value of Equity for AstraZeneca in 2019 is clearly indicated as 328000000.0.
265,AstraZeneca,2020,Company_Specific_Metric,Increase Decrease Through Transfer Between Other Reserves And Retained Earnings Equity,0.0,What was the value of the 'Increase Decrease Through Transfer Between Other Reserves And Retained Earnings Equity' for AstraZeneca in the year 2020?,0.0,The metric reflecting the Increase Decrease Through Transfer Between Other Reserves And Retained Earnings Equity for AstraZeneca in the year 2020 is clearly stated as 0.0.
266,AstraZeneca,2020,Company_Specific_Metric,Dividends Recognised As Distributions To Owners Of Parent Net Of Forfeiture,0.0,What was the amount of Dividends Recognised As Distributions To Owners Of Parent Net Of Forfeiture reported by AstraZeneca in 2020?,0.0,The value for the metric Dividends Recognised As Distributions To Owners Of Parent Net Of Forfeiture for AstraZeneca in 2020 is clearly indicated as 0.0.
267,AstraZeneca,2020,Balance_Sheet,Issue Of Equity,0.0,What was the reported 'Issue Of Equity' for AstraZeneca in the year 2020?,0.0,The value for the 'Issue Of Equity' metric for AstraZeneca in 2020 is clearly stated as 0.0.
269,AstraZeneca,2020,Company_Specific_Metric,Settlement Of Share Plan Awards Equity,0.0,What was the amount reported for the Settlement Of Share Plan Awards Equity for AstraZeneca in the year 2020?,0.0,The figure for the Settlement Of Share Plan Awards Equity concerning AstraZeneca in 2020 is clearly stated to be 0.0.
270,AstraZeneca,2020,Balance_Sheet,Changes In Equity,0.0,What was the reported 'Changes In Equity' for AstraZeneca in the year 2020?,0.0,The metric for Changes In Equity pertaining to AstraZeneca for the year 2020 is clearly stated as 0.0.
271,AstraZeneca,2021,Company_Specific_Metric,Increase Decrease Through Transfer Between Other Reserves And Retained Earnings Equity,0.0,What was the value of the Increase Decrease Through Transfer Between Other Reserves And Retained Earnings Equity for AstraZeneca in the year 2021?,0.0,The value for the metric Increase Decrease Through Transfer Between Other Reserves And Retained Earnings Equity for AstraZeneca in 2021 is clearly stated as 0.0.
272,AstraZeneca,2021,Company_Specific_Metric,Dividends Recognised As Distributions To Owners Of Parent Net Of Forfeiture,0.0,What was the amount reported for 'Dividends Recognised As Distributions To Owners Of Parent Net Of Forfeiture' by AstraZeneca in the year 2021?,0.0,The value for the metric 'Dividends Recognised As Distributions To Owners Of Parent Net Of Forfeiture' for AstraZeneca in 2021 is specifically stated as 0.0.
273,AstraZeneca,2021,Balance_Sheet,Issue Of Equity,59000000.0,What was AstraZeneca's Issue Of Equity in the year 2021?,59000000.0,The metric for Issue Of Equity pertaining to AstraZeneca in 2021 is clearly stated as 59000000.0.
275,AstraZeneca,2021,Company_Specific_Metric,Settlement Of Share Plan Awards Equity,0.0,What was the value of the 'Settlement Of Share Plan Awards Equity' for AstraZeneca in the year 2021?,0.0,The value for the metric 'Settlement Of Share Plan Awards Equity' for AstraZeneca in 2021 is clearly stated as 0.0.
276,AstraZeneca,2021,Company_Specific_Metric,Issue Of Replacement Alexion Share Awards Upon Acquisition,0.0,What was the value of the 'Issue Of Replacement Alexion Share Awards Upon Acquisition' for AstraZeneca in the year 2021?,0.0,The value for the metric 'Issue Of Replacement Alexion Share Awards Upon Acquisition' for AstraZeneca in 2021 is clearly stated as 0.0.
277,AstraZeneca,2021,Balance_Sheet,Changes In Equity,59000000.0,What was AstraZeneca's Changes In Equity for the year 2021?,59000000.0,The metric for Changes In Equity pertaining to AstraZeneca in 2021 is directly stated as 59000000.0.
278,AstraZeneca,2022,Company_Specific_Metric,Increase Decrease Through Transfer Between Other Reserves And Retained Earnings Equity,0.0,What was the value reported for the 'Increase Decrease Through Transfer Between Other Reserves And Retained Earnings Equity' by AstraZeneca in the year 2022?,0.0,The value for the metric 'Increase Decrease Through Transfer Between Other Reserves And Retained Earnings Equity' for AstraZeneca in 2022 is clearly stated as 0.0.
279,AstraZeneca,2022,Company_Specific_Metric,Dividends Recognised As Distributions To Owners Of Parent Net Of Forfeiture,0.0,What was the value of 'Dividends Recognised As Distributions To Owners Of Parent Net Of Forfeiture' for AstraZeneca in the year 2022?,0.0,The value for the specific metric 'Dividends Recognised As Distributions To Owners Of Parent Net Of Forfeiture' for AstraZeneca in 2022 has been clearly stated as 0.0.
280,AstraZeneca,2022,Balance_Sheet,Issue Of Equity,0.0,What was the reported 'Issue Of Equity' for AstraZeneca in the year 2022?,0.0,The value for the specific metric 'Issue Of Equity' pertaining to AstraZeneca for the year 2022 is clearly stated as 0.0.
282,AstraZeneca,2022,Company_Specific_Metric,Settlement Of Share Plan Awards Equity,0.0,What was the value of the Settlement Of Share Plan Awards Equity for AstraZeneca in the year 2022?,0.0,The specific figure for Settlement Of Share Plan Awards Equity pertaining to AstraZeneca in 2022 is clearly stated as 0.0.
283,AstraZeneca,2022,Balance_Sheet,Changes In Equity,0.0,What was the amount reported for AstraZeneca's Changes In Equity in the year 2022?,0.0,The value for Changes In Equity pertaining to AstraZeneca for the year 2022 is clearly stated as 0.0.
285,AstraZeneca,2022,Income_Statement,Finance Income Cost,-1251000000.0,What was the Finance Income Cost for AstraZeneca in the year 2022?,-1251000000.0,The value for the Finance Income Cost pertaining to AstraZeneca in the year 2022 is clearly stated as -1251000000.0.
286,AstraZeneca,2021,Income_Statement,Finance Income Cost,-1257000000.0,What was the Finance Income Cost for AstraZeneca in the year 2021?,-1257000000.0,The Finance Income Cost for AstraZeneca in 2021 is clearly documented as -1257000000.0.
287,AstraZeneca,2020,Income_Statement,Finance Income Cost,-1219000000.0,What was the Finance Income Cost reported by AstraZeneca in the year 2020?,-1219000000.0,The value for the Finance Income Cost associated with AstraZeneca during the year 2020 is clearly stated as -1219000000.0.
288,AstraZeneca,2022,Income_Statement,Depreciation Amortisation And Impairment Loss Reversal Of Impairment Loss Recognised In Profit Or Loss,5480000000.0,What was the amount reported by AstraZeneca for Depreciation Amortisation And Impairment Loss Reversal Of Impairment Loss Recognised In Profit Or Loss in the year 2022?,5480000000.0,The amount for the specific metric Depreciation Amortisation And Impairment Loss Reversal Of Impairment Loss Recognised In Profit Or Loss for AstraZeneca in 2022 is clearly stated as 5480000000.0.
289,AstraZeneca,2021,Income_Statement,Depreciation Amortisation And Impairment Loss Reversal Of Impairment Loss Recognised In Profit Or Loss,6530000000.0,What was the value of 'Depreciation Amortisation And Impairment Loss Reversal Of Impairment Loss Recognised In Profit Or Loss' for AstraZeneca in the year 2021?,6530000000.0,The figure for 'Depreciation Amortisation And Impairment Loss Reversal Of Impairment Loss Recognised In Profit Or Loss' for AstraZeneca during the year 2021 is clearly stated as 6530000000.0.
290,AstraZeneca,2020,Income_Statement,Depreciation Amortisation And Impairment Loss Reversal Of Impairment Loss Recognised In Profit Or Loss,3149000000.0,What was the amount reported by AstraZeneca for Depreciation Amortisation And Impairment Loss Reversal Of Impairment Loss Recognised In Profit Or Loss in the year 2020?,3149000000.0,The figure for Depreciation Amortisation And Impairment Loss Reversal Of Impairment Loss Recognised In Profit Or Loss for AstraZeneca in 2020 is clearly stated as 3149000000.0.
297,AstraZeneca,2022,Company_Specific_Metric,Adjustments For Increase Decrease In Trade Other Payables And Provisions,1165000000.0,What was the amount reported for Adjustments For Increase Decrease In Trade Other Payables And Provisions by AstraZeneca in the year 2022?,1165000000.0,The value for the metric Adjustments For Increase Decrease In Trade Other Payables And Provisions for AstraZeneca in 2022 is clearly stated as 1165000000.0.
298,AstraZeneca,2021,Company_Specific_Metric,Adjustments For Increase Decrease In Trade Other Payables And Provisions,1405000000.0,What was the value of 'Adjustments For Increase Decrease In Trade Other Payables And Provisions' reported by AstraZeneca in the year 2021?,1405000000.0,The value for the metric 'Adjustments For Increase Decrease In Trade Other Payables And Provisions' for AstraZeneca in 2021 is clearly stated as 1405000000.0.
299,AstraZeneca,2020,Company_Specific_Metric,Adjustments For Increase Decrease In Trade Other Payables And Provisions,1721000000.0,What was the amount for Adjustments For Increase Decrease In Trade Other Payables And Provisions reported by AstraZeneca in 2020?,1721000000.0,The figure for Adjustments For Increase Decrease In Trade Other Payables And Provisions for AstraZeneca in the year 2020 is clearly stated as 1721000000.0.
300,AstraZeneca,2022,Company_Specific_Metric,Adjustments For Losses Gains On Disposal Of Intangible Asset,-104000000.0,What was the value of the Adjustments For Losses Gains On Disposal Of Intangible Asset for AstraZeneca in the year 2022?,-104000000.0,The metric for Adjustments For Losses Gains On Disposal Of Intangible Asset for AstraZeneca in the year 2022 has been specifically documented as -104000000.0.
301,AstraZeneca,2021,Company_Specific_Metric,Adjustments For Losses Gains On Disposal Of Intangible Asset,-513000000.0,What was the amount reported by AstraZeneca for Adjustments For Losses Gains On Disposal Of Intangible Asset in the year 2021?,-513000000.0,The amount for the metric Adjustments For Losses Gains On Disposal Of Intangible Asset for AstraZeneca in 2021 is clearly stated as -513000000.0.
302,AstraZeneca,2020,Company_Specific_Metric,Adjustments For Losses Gains On Disposal Of Intangible Asset,-1030000000.0,What was AstraZeneca's Adjustments For Losses Gains On Disposal Of Intangible Asset in the year 2020?,-1030000000.0,"In 2020, the specific figure for Adjustments For Losses Gains On Disposal Of Intangible Asset for AstraZeneca is clearly stated as -1030000000.0."
303,AstraZeneca,2022,Income_Statement,Adjustments For Gain Loss On Disposal Of Investments In Subsidiaries Joint Ventures And Associates,0.0,What was the value of Adjustments For Gain Loss On Disposal Of Investments In Subsidiaries Joint Ventures And Associates for AstraZeneca in the year 2022?,0.0,The metric for Adjustments For Gain Loss On Disposal Of Investments In Subsidiaries Joint Ventures And Associates for AstraZeneca in 2022 is clearly stated as 0.0.
304,AstraZeneca,2021,Income_Statement,Adjustments For Gain Loss On Disposal Of Investments In Subsidiaries Joint Ventures And Associates,776000000.0,What was the amount reported by AstraZeneca for Adjustments For Gain Loss On Disposal Of Investments In Subsidiaries Joint Ventures And Associates in the year 2021?,776000000.0,The value for the specific metric Adjustments For Gain Loss On Disposal Of Investments In Subsidiaries Joint Ventures And Associates for AstraZeneca in 2021 is clearly stated as 776000000.0.
305,AstraZeneca,2020,Income_Statement,Adjustments For Gain Loss On Disposal Of Investments In Subsidiaries Joint Ventures And Associates,0.0,What was the amount reported by AstraZeneca for Adjustments For Gain Loss On Disposal Of Investments In Subsidiaries Joint Ventures And Associates in the year 2020?,0.0,AstraZeneca's financial report clearly indicates that the Adjustments For Gain Loss On Disposal Of Investments In Subsidiaries Joint Ventures And Associates for the year 2020 is stated as 0.0.
306,AstraZeneca,2022,Company_Specific_Metric,Contingent Consideration Fair Value Movement,82000000.0,What was the amount reported for AstraZeneca's Contingent Consideration Fair Value Movement in the year 2022?,82000000.0,The value for AstraZeneca's Contingent Consideration Fair Value Movement in 2022 is clearly stated as 82000000.0.
307,AstraZeneca,2021,Company_Specific_Metric,Contingent Consideration Fair Value Movement,14000000.0,What was the Contingent Consideration Fair Value Movement reported by AstraZeneca in the year 2021?,14000000.0,The metric for Contingent Consideration Fair Value Movement pertaining to AstraZeneca in 2021 is clearly stated as 14000000.0.
308,AstraZeneca,2020,Company_Specific_Metric,Contingent Consideration Fair Value Movement,-272000000.0,What was the value of the Contingent Consideration Fair Value Movement reported by AstraZeneca in 2020?,-272000000.0,The figure for the Contingent Consideration Fair Value Movement associated with AstraZeneca in the year 2020 is clearly stated as -272000000.0.
309,AstraZeneca,2022,Cash_Flow,Other Adjustments For Noncash Items,-692000000.0,What was the value of 'Other Adjustments For Noncash Items' for AstraZeneca in the year 2022?,-692000000.0,The figure for Other Adjustments For Noncash Items related to AstraZeneca in 2022 is clearly stated as -692000000.0.
310,AstraZeneca,2021,Cash_Flow,Other Adjustments For Noncash Items,95000000.0,What were the Other Adjustments For Noncash Items reported by AstraZeneca in the year 2021?,95000000.0,The metric for Other Adjustments For Noncash Items pertaining to AstraZeneca in 2021 is clearly stated as 95000000.0.
311,AstraZeneca,2020,Cash_Flow,Other Adjustments For Noncash Items,-276000000.0,What was the amount reported by AstraZeneca for Other Adjustments For Noncash Items in the year 2020?,-276000000.0,The value for Other Adjustments For Noncash Items pertaining to AstraZeneca in 2020 is clearly stated as -276000000.0.
312,AstraZeneca,2022,Cash_Flow,Cash Flows From Used In Operations,12280000000.0,What was the amount reported for Cash Flows From Used In Operations by AstraZeneca in the year 2022?,12280000000.0,The value for the specific metric Cash Flows From Used In Operations for AstraZeneca in 2022 is clearly stated as 12280000000.0.
313,AstraZeneca,2021,Cash_Flow,Cash Flows From Used In Operations,8427000000.0,What was AstraZeneca's Cash Flows From Used In Operations for the year 2021?,8427000000.0,The Cash Flows From Used In Operations for AstraZeneca in 2021 is clearly stated as 8427000000.0.
314,AstraZeneca,2020,Cash_Flow,Cash Flows From Used In Operations,7094000000.0,What was the Cash Flows From Used In Operations for AstraZeneca in the year 2020?,7094000000.0,The Cash Flows From Used In Operations for AstraZeneca in 2020 is precisely stated as 7094000000.0.
315,AstraZeneca,2022,Cash_Flow,Interest Paid Classified As Operating Activities,849000000.0,What was the amount reported by AstraZeneca for 'Interest Paid Classified As Operating Activities' in 2022?,849000000.0,The amount for the metric Interest Paid Classified As Operating Activities for AstraZeneca in 2022 is clearly stated as 849000000.0.
316,AstraZeneca,2021,Cash_Flow,Interest Paid Classified As Operating Activities,721000000.0,What was the amount of 'Interest Paid Classified As Operating Activities' reported by AstraZeneca for the year 2021?,721000000.0,"In 2021, AstraZeneca clearly stated that the figure for Interest Paid Classified As Operating Activities is 721000000.0."
317,AstraZeneca,2020,Cash_Flow,Interest Paid Classified As Operating Activities,733000000.0,What was the amount reported by AstraZeneca for 'Interest Paid Classified As Operating Activities' in the year 2020?,733000000.0,The figure for 'Interest Paid Classified As Operating Activities' concerning AstraZeneca in 2020 has been specifically documented as 733000000.0.
318,AstraZeneca,2022,Cash_Flow,Income Taxes Paid Refund Classified As Operating Activities,1623000000.0,What was the amount reported for Income Taxes Paid Refund Classified As Operating Activities by AstraZeneca in the year 2022?,1623000000.0,The value for the metric Income Taxes Paid Refund Classified As Operating Activities for AstraZeneca in 2022 is clearly stated as 1623000000.0.
319,AstraZeneca,2021,Cash_Flow,Income Taxes Paid Refund Classified As Operating Activities,1743000000.0,What was the amount reported by AstraZeneca for Income Taxes Paid Refund Classified As Operating Activities in the year 2021?,1743000000.0,The figure for Income Taxes Paid Refund Classified As Operating Activities for AstraZeneca in 2021 is clearly stated as 1743000000.0.
320,AstraZeneca,2020,Cash_Flow,Income Taxes Paid Refund Classified As Operating Activities,1562000000.0,What was the amount reported by AstraZeneca for 'Income Taxes Paid Refund Classified As Operating Activities' in the year 2020?,1562000000.0,The value for the metric 'Income Taxes Paid Refund Classified As Operating Activities' for AstraZeneca in the year 2020 is clearly stated as 1562000000.0.
321,AstraZeneca,2022,Cash_Flow,Cash Flows From Used In Operating Activities,9808000000.0,What was AstraZeneca's Cash Flows From Used In Operating Activities for the year 2022?,9808000000.0,The figure representing Cash Flows From Used In Operating Activities for AstraZeneca in 2022 is clearly stated as 9808000000.0.
322,AstraZeneca,2021,Cash_Flow,Cash Flows From Used In Operating Activities,5963000000.0,What was the amount reported by AstraZeneca for Cash Flows From Used In Operating Activities in the year 2021?,5963000000.0,The amount for Cash Flows From Used In Operating Activities for AstraZeneca in 2021 is clearly stated as 5963000000.0.
323,AstraZeneca,2020,Cash_Flow,Cash Flows From Used In Operating Activities,4799000000.0,What was the amount of Cash Flows From Used In Operating Activities reported by AstraZeneca in 2020?,4799000000.0,The specific figure for Cash Flows From Used In Operating Activities for AstraZeneca in the year 2020 is clearly stated as 4799000000.0.
324,AstraZeneca,2022,Cash_Flow,Cash Flows Used In Obtaining Control Of Subsidiaries Or Other Businesses Classified As Investing Activities,48000000.0,What was the amount reported by AstraZeneca for Cash Flows Used In Obtaining Control Of Subsidiaries Or Other Businesses Classified As Investing Activities in 2022?,48000000.0,"In the 2022 financial report, AstraZeneca clearly states that the Cash Flows Used In Obtaining Control Of Subsidiaries Or Other Businesses Classified As Investing Activities amounted to 48000000.0."
325,AstraZeneca,2021,Cash_Flow,Cash Flows Used In Obtaining Control Of Subsidiaries Or Other Businesses Classified As Investing Activities,9263000000.0,What was the amount reported by AstraZeneca for Cash Flows Used In Obtaining Control Of Subsidiaries Or Other Businesses Classified As Investing Activities in 2021?,9263000000.0,The figure for Cash Flows Used In Obtaining Control Of Subsidiaries Or Other Businesses Classified As Investing Activities for AstraZeneca in 2021 is specifically documented as 9263000000.0.
326,AstraZeneca,2020,Cash_Flow,Cash Flows Used In Obtaining Control Of Subsidiaries Or Other Businesses Classified As Investing Activities,0.0,What was the amount reported by AstraZeneca for Cash Flows Used In Obtaining Control Of Subsidiaries Or Other Businesses Classified As Investing Activities in the year 2020?,0.0,The value for the metric Cash Flows Used In Obtaining Control Of Subsidiaries Or Other Businesses Classified As Investing Activities for AstraZeneca in 2020 is clearly stated as 0.0.
327,AstraZeneca,2022,Company_Specific_Metric,Payments Upon Vesting Of Employee Share Awards Attributable To Business Combinations,215000000.0,What was the amount reported by AstraZeneca for Payments Upon Vesting Of Employee Share Awards Attributable To Business Combinations in the year 2022?,215000000.0,The amount for the specific metric Payments Upon Vesting Of Employee Share Awards Attributable To Business Combinations for AstraZeneca in 2022 is clearly stated as 215000000.0.
328,AstraZeneca,2021,Company_Specific_Metric,Payments Upon Vesting Of Employee Share Awards Attributable To Business Combinations,211000000.0,What was the amount reported by AstraZeneca for Payments Upon Vesting Of Employee Share Awards Attributable To Business Combinations in the year 2021?,211000000.0,"For the year 2021, AstraZeneca has clearly stated that the Payments Upon Vesting Of Employee Share Awards Attributable To Business Combinations amounted to 211000000.0."
329,AstraZeneca,2020,Company_Specific_Metric,Payments Upon Vesting Of Employee Share Awards Attributable To Business Combinations,0.0,What was the amount reported by AstraZeneca for Payments Upon Vesting Of Employee Share Awards Attributable To Business Combinations in the year 2020?,0.0,The amount for Payments Upon Vesting Of Employee Share Awards Attributable To Business Combinations for AstraZeneca in 2020 is clearly stated as 0.0.
330,AstraZeneca,2022,Company_Specific_Metric,Contingent Consideration Payment Business Combinations Classified As Investing Activities,772000000.0,What was the amount reported by AstraZeneca for Contingent Consideration Payment Business Combinations Classified As Investing Activities in the year 2022?,772000000.0,The amount for the metric concerning Contingent Consideration Payment Business Combinations Classified As Investing Activities for AstraZeneca in 2022 is specifically noted as 772000000.0.
331,AstraZeneca,2021,Company_Specific_Metric,Contingent Consideration Payment Business Combinations Classified As Investing Activities,643000000.0,What was the amount reported by AstraZeneca for 'Contingent Consideration Payment Business Combinations Classified As Investing Activities' in the year 2021?,643000000.0,The amount for the specific metric known as Contingent Consideration Payment Business Combinations Classified As Investing Activities for AstraZeneca in 2021 is clearly stated as 643000000.0.
332,AstraZeneca,2020,Company_Specific_Metric,Contingent Consideration Payment Business Combinations Classified As Investing Activities,822000000.0,What was the amount reported by AstraZeneca for Contingent Consideration Payment Business Combinations Classified As Investing Activities in the year 2020?,822000000.0,The amount for the metric Contingent Consideration Payment Business Combinations Classified As Investing Activities for AstraZeneca in 2020 is clearly stated as 822000000.0.
333,AstraZeneca,2022,Cash_Flow,Purchase Of Property Plant And Equipment Classified As Investing Activities,1091000000.0,What was the amount reported by AstraZeneca for the Purchase Of Property Plant And Equipment Classified As Investing Activities in the year 2022?,1091000000.0,The figure for Purchase Of Property Plant And Equipment Classified As Investing Activities for AstraZeneca for the year 2022 is clearly stated as 1091000000.0.
334,AstraZeneca,2021,Cash_Flow,Purchase Of Property Plant And Equipment Classified As Investing Activities,1091000000.0,What was the amount reported by AstraZeneca for the Purchase Of Property Plant And Equipment Classified As Investing Activities in the year 2021?,1091000000.0,The figure for the Purchase Of Property Plant And Equipment Classified As Investing Activities for AstraZeneca in 2021 is clearly stated as 1091000000.0.
335,AstraZeneca,2020,Cash_Flow,Purchase Of Property Plant And Equipment Classified As Investing Activities,961000000.0,What was the amount AstraZeneca reported for the Purchase Of Property Plant And Equipment Classified As Investing Activities in the year 2020?,961000000.0,The amount for the metric related to the Purchase Of Property Plant And Equipment Classified As Investing Activities for AstraZeneca in the year 2020 is clearly stated as 961000000.0.
336,AstraZeneca,2022,Cash_Flow,Proceeds From Sales Of Property Plant And Equipment Classified As Investing Activities,282000000.0,What was the amount reported by AstraZeneca for Proceeds From Sales Of Property Plant And Equipment Classified As Investing Activities in the year 2022?,282000000.0,The amount for Proceeds From Sales Of Property Plant And Equipment Classified As Investing Activities for AstraZeneca in 2022 is clearly stated as 282000000.0.
337,AstraZeneca,2021,Cash_Flow,Proceeds From Sales Of Property Plant And Equipment Classified As Investing Activities,13000000.0,"What were the proceeds from sales of property, plant, and equipment classified as investing activities for AstraZeneca in the year 2021?",13000000.0,"The exact figure for the proceeds from sales of property, plant, and equipment classified under investing activities for AstraZeneca in 2021 is clearly stated as 13000000.0."
